{
    "letters": [
        15.248842592592593,
        20.02314814814815,
        20.02314814814815,
        19.444444444444446,
        20.02314814814815,
        19.328703703703702,
        20.02314814814815,
        20.60185185185185,
        20.71759259259259,
        20.833333333333336,
        20.949074074074073,
        20.949074074074073,
        20.71759259259259,
        20.48611111111111,
        20.833333333333336,
        20.37037037037037,
        20.833333333333336,
        20.71759259259259,
        20.833333333333336,
        28.009259259259263,
        28.935185185185187,
        30.208333333333332,
        29.745370370370374,
        21.064814814814813,
        28.240740740740737,
        28.819444444444443,
        30.324074074074076,
        29.629629629629626,
        21.064814814814813,
        21.52777777777778,
        21.75925925925926,
        21.52777777777778,
        21.64351851851852
    ],
    "None": [
        86.28472222222221,
        86.71875,
        82.92824074074075,
        81.16319444444444,
        85.32986111111111,
        86.22685185185185,
        83.53587962962963,
        73.66898148148148,
        71.52777777777779,
        72.65625,
        70.25966183574879,
        72.59837962962963,
        76.88078703703704,
        72.51157407407408,
        76.41782407407408,
        70.37037037037037,
        73.66898148148148,
        71.96180555555556,
        72.73550724637681,
        70.54398148148148,
        74.73958333333334,
        75.23148148148148,
        67.41898148148148,
        65.50925925925925,
        63.657407407407405,
        64.8852657004831,
        66.0011574074074,
        65.85648148148148,
        69.9363425925926,
        67.93981481481481,
        61.776620370370374,
        64.4386574074074,
        64.67013888888889,
        67.54227053140096,
        65.39351851851852,
        65.19097222222221,
        67.82407407407408,
        65.36458333333334,
        60.24305555555556,
        63.97569444444444,
        62.16787439613527,
        63.888888888888886,
        65.04629629629629,
        65.2199074074074,
        66.52199074074075,
        61.545138888888886,
        62.35532407407407,
        62.35532407407407,
        64.31159420289855,
        63.223379629629626,
        64.23611111111111,
        67.99768518518519,
        65.04629629629629,
        64.00462962962963,
        63.049768518518526,
        65.15700483091787,
        63.71527777777778,
        65.16203703703704,
        59.317129629629626,
        63.020833333333336,
        63.57060185185185,
        61.37152777777778,
        62.41319444444444,
        62.80193236714976,
        63.77314814814815,
        65.10416666666666,
        68.43171296296296,
        64.52546296296296,
        62.99189814814815,
        64.38078703703704,
        65.00603864734299,
        65.33564814814815,
        63.91782407407407,
        60.85069444444444,
        61.71875,
        63.94675925925925,
        61.57407407407407,
        63.541666666666664,
        63.34541062801933,
        62.673611111111114,
        64.0625,
        68.98148148148148,
        64.32291666666666,
        63.85995370370371,
        64.55439814814815,
        65.03623188405797,
        65.16203703703704,
        65.97222222222221,
        61.74768518518518,
        59.34606481481482,
        62.557870370370374,
        59.69328703703704,
        63.802083333333336,
        64.3719806763285,
        63.657407407407405,
        64.72800925925925,
        67.73726851851852,
        67.24537037037037,
        66.63773148148148,
        67.12962962962963,
        67.14975845410628,
        67.21643518518519,
        66.95601851851852,
        62.239583333333336,
        62.38425925925925,
        63.512731481481474,
        62.41319444444444,
        65.39351851851852,
        63.58695652173913,
        63.888888888888886,
        65.42245370370371,
        76.24421296296296,
        69.01041666666666,
        66.86921296296296,
        64.35185185185185,
        66.66666666666666,
        66.0011574074074,
        65.88541666666666,
        63.25231481481482,
        64.0625,
        64.26504629629629,
        64.4675925925926,
        64.69907407407408,
        65.54951690821255,
        64.23611111111111,
        64.69907407407408,
        75.89699074074075,
        63.541666666666664,
        65.39351851851852,
        61.487268518518526,
        70.38043478260869,
        67.50578703703704,
        67.79513888888889,
        66.43518518518519,
        65.10416666666666,
        65.50925925925925,
        65.65393518518519,
        66.05902777777779,
        72.19202898550725,
        66.52199074074075,
        64.67013888888889,
        73.55324074074075,
        64.72800925925925,
        66.14583333333334,
        67.15856481481481,
        72.49396135265701,
        66.49305555555556,
        67.88194444444444,
        65.91435185185185,
        66.66666666666666,
        66.92708333333334,
        65.97222222222221,
        66.29050925925925,
        72.13164251207729,
        68.69212962962963,
        65.33564814814815,
        75.02893518518519
    ]
}